
 DROP DATABASE IF EXISTS riquezaparatodos;
 CREATE DATABASE riquezaparatodos;
 USE riquezaparatodos;

DROP TABLE IF EXISTS datosgenerales;
CREATE TABLE datosgenerales (
	alias VARCHAR(50) NOT NULL,
	email VARCHAR(50) NOT NULL,
	nombres VARCHAR(50) NOT NULL,
	apellidos VARCHAR(100) NOT NULL,
	municipio VARCHAR(100) NOT NULL,
	estado VARCHAR(100) NOT NULL,
	password VARCHAR(32) NOT NULL,
	ciclo VARCHAR(2) NOT NULL,
	fecha DATETIME,
	PRIMARY KEY (alias)
) ENGINE = InnoDB;

INSERT INTO datosgenerales VALUES ('admin','admin@riquezaparatodos.org','Administrador','del Sistema','003','30',MD5('admin'),'0',NOW());
INSERT INTO datosgenerales VALUES ('zen01','zen01@riquezaparatodos.org','Administrador','del Sistema','003','30',MD5('admin'),'0',NOW());
INSERT INTO datosgenerales VALUES ('zen02','zen02@riquezaparatodos.org','Administrador','del Sistema','003','30',MD5('admin'),'0',NOW());

INSERT INTO datosgenerales VALUES ('x01','x01@rq.org','X01','Demo','003','30',MD5('admin'),'1',NOW());
INSERT INTO datosgenerales VALUES ('x02','x02@rq.org','X02','Demo','003','30',MD5('admin'),'1',NOW());
INSERT INTO datosgenerales VALUES ('x03','x03@rq.org','X03','Demo','003','30',MD5('admin'),'1',NOW());
INSERT INTO datosgenerales VALUES ('x04','x04@rq.org','X04','Demo','003','30',MD5('admin'),'1',NOW());
INSERT INTO datosgenerales VALUES ('x05','x05@rq.org','X05','Demo','003','30',MD5('admin'),'1',NOW());
INSERT INTO datosgenerales VALUES ('x06','x06@rq.org','X06','Demo','003','30',MD5('admin'),'1',NOW());
INSERT INTO datosgenerales VALUES ('x07','x07@rq.org','X07','Demo','003','30',MD5('admin'),'1',NOW());


DROP TABLE IF EXISTS agendatelefonica;
CREATE TABLE agendatelefonica (
	alias VARCHAR(50) NOT NULL,
	telefono VARCHAR(10) NOT NULL,
	compania VARCHAR(50) NOT NULL,
	tipo VARCHAR(50) NOT NULL,
	PRIMARY KEY (alias, telefono),
	CONSTRAINT telefono_key FOREIGN KEY (alias) REFERENCES datosgenerales (alias) ON DELETE CASCADE ON UPDATE CASCADE
) ENGINE = InnoDB;

INSERT INTO agendatelefonica VALUES ('admin','9241095906','TELCEL','PERSONAL');
INSERT INTO agendatelefonica VALUES ('zen01','9241095906','TELCEL','PERSONAL');
INSERT INTO agendatelefonica VALUES ('zen02','9241095906','TELCEL','PERSONAL');

INSERT INTO agendatelefonica VALUES ('x01','9241095906','TELCEL','PERSONAL');
INSERT INTO agendatelefonica VALUES ('x02','9241095906','TELCEL','PERSONAL');
INSERT INTO agendatelefonica VALUES ('x03','9241095906','TELCEL','PERSONAL');
INSERT INTO agendatelefonica VALUES ('x04','9241095906','TELCEL','PERSONAL');
INSERT INTO agendatelefonica VALUES ('x05','9241095906','TELCEL','PERSONAL');
INSERT INTO agendatelefonica VALUES ('x06','9241095906','TELCEL','PERSONAL');
INSERT INTO agendatelefonica VALUES ('x07','9241095906','TELCEL','PERSONAL');


DROP TABLE IF EXISTS cuentasbancarias;
CREATE TABLE cuentasbancarias (
	alias VARCHAR(50) NOT NULL,
	cuenta VARCHAR(50) NOT NULL,
	banco VARCHAR(50) NOT NULL,
	clabe VARCHAR(50) NULL,
	PRIMARY KEY (alias, cuenta),
	CONSTRAINT cuenta_key FOREIGN KEY (alias) REFERENCES datosgenerales (alias) ON DELETE CASCADE ON UPDATE CASCADE
) ENGINE = InnoDB;

INSERT INTO cuentasbancarias VALUES ('admin','0123456799','BANCOMER','X99-0123456799');
INSERT INTO cuentasbancarias VALUES ('zen01','0123456701','BANCOMER','X99-0123456701');
INSERT INTO cuentasbancarias VALUES ('zen02','0123456702','BANCOMER','X99-0123456702');

INSERT INTO cuentasbancarias VALUES ('x01','0123456702','BANCOMER','X99-0123456702');
INSERT INTO cuentasbancarias VALUES ('x02','0123456702','BANCOMER','X99-0123456702');
INSERT INTO cuentasbancarias VALUES ('x03','0123456702','BANCOMER','X99-0123456702');
INSERT INTO cuentasbancarias VALUES ('x04','0123456702','BANCOMER','X99-0123456702');
INSERT INTO cuentasbancarias VALUES ('x05','0123456702','BANCOMER','X99-0123456702');
INSERT INTO cuentasbancarias VALUES ('x06','0123456702','BANCOMER','X99-0123456702');
INSERT INTO cuentasbancarias VALUES ('x07','0123456702','BANCOMER','X99-0123456702');

DROP TABLE IF EXISTS ciclospagos;
CREATE TABLE ciclospagos (
	ciclo VARCHAR(2) NOT NULL,
	monto decimal(9,2) NOT NULL,
	PRIMARY KEY (ciclo, monto)
) ENGINE = InnoDB;

INSERT INTO ciclospagos VALUES ('1',100.00);
INSERT INTO ciclospagos VALUES ('2',200.00);
INSERT INTO ciclospagos VALUES ('3',500.00);
INSERT INTO ciclospagos VALUES ('4',1000.00);
INSERT INTO ciclospagos VALUES ('5',2000.00);
INSERT INTO ciclospagos VALUES ('6',5000.00);
INSERT INTO ciclospagos VALUES ('7',10000.00);

DROP TABLE IF EXISTS ciclos;
CREATE TABLE ciclos (
	id BIGINT NOT NULL AUTO_INCREMENT,
	alias VARCHAR(50) NOT NULL,
	ciclo VARCHAR(2) NOT NULL,
	paso VARCHAR(2) NOT NULL,
	padrino VARCHAR(50) NULL,
	aliasdeposito VARCHAR(50) NULL,
	foliodeposito VARCHAR(50) NULL,
	autorizacion VARCHAR(2) NULL,
	numpagos VARCHAR(2) NULL,
	fechap0 DATETIME,
	fechap1 DATETIME,
	fechap2 DATETIME,
	fechap3 DATETIME,
	fechap4 DATETIME,
	PRIMARY KEY (id,alias, ciclo),
	CONSTRAINT ciclo_key FOREIGN KEY (alias) REFERENCES datosgenerales (alias) ON DELETE CASCADE ON UPDATE CASCADE
) ENGINE = InnoDB;

INSERT INTO ciclos VALUES (0,'zen01','1','0','','','','0','0',NOW(),NOW(),NOW(),NOW(),NOW());
INSERT INTO ciclos VALUES (0,'zen02','1','0','','','','0','0',NOW(),NOW(),NOW(),NOW(),NOW());
INSERT INTO ciclos VALUES (0,'zen01','2','0','','','','0','0',NOW(),NOW(),NOW(),NOW(),NOW());
INSERT INTO ciclos VALUES (0,'zen02','2','0','','','','0','0',NOW(),NOW(),NOW(),NOW(),NOW());
INSERT INTO ciclos VALUES (0,'zen01','3','0','','','','0','0',NOW(),NOW(),NOW(),NOW(),NOW());
INSERT INTO ciclos VALUES (0,'zen02','3','0','','','','0','0',NOW(),NOW(),NOW(),NOW(),NOW());
INSERT INTO ciclos VALUES (0,'zen01','4','0','','','','0','0',NOW(),NOW(),NOW(),NOW(),NOW());
INSERT INTO ciclos VALUES (0,'zen02','4','0','','','','0','0',NOW(),NOW(),NOW(),NOW(),NOW());
INSERT INTO ciclos VALUES (0,'zen01','5','0','','','','0','0',NOW(),NOW(),NOW(),NOW(),NOW());
INSERT INTO ciclos VALUES (0,'zen02','5','0','','','','0','0',NOW(),NOW(),NOW(),NOW(),NOW());
INSERT INTO ciclos VALUES (0,'zen01','6','0','','','','0','0',NOW(),NOW(),NOW(),NOW(),NOW());
INSERT INTO ciclos VALUES (0,'zen02','6','0','','','','0','0',NOW(),NOW(),NOW(),NOW(),NOW());
INSERT INTO ciclos VALUES (0,'zen01','7','0','','','','0','0',NOW(),NOW(),NOW(),NOW(),NOW());
INSERT INTO ciclos VALUES (0,'zen02','7','0','','','','0','0',NOW(),NOW(),NOW(),NOW(),NOW());

INSERT INTO ciclos VALUES (0,'x01','1','0',NULL,NULL,NULL,NULL,NULL,NOW(),NULL,NULL,NULL,NULL);
INSERT INTO ciclos VALUES (0,'x02','1','0',NULL,NULL,NULL,NULL,NULL,NOW(),NULL,NULL,NULL,NULL);
INSERT INTO ciclos VALUES (0,'x03','1','0',NULL,NULL,NULL,NULL,NULL,NOW(),NULL,NULL,NULL,NULL);
INSERT INTO ciclos VALUES (0,'x04','1','0',NULL,NULL,NULL,NULL,NULL,NOW(),NULL,NULL,NULL,NULL);
INSERT INTO ciclos VALUES (0,'x05','1','0',NULL,NULL,NULL,NULL,NULL,NOW(),NULL,NULL,NULL,NULL);
INSERT INTO ciclos VALUES (0,'x06','1','0',NULL,NULL,NULL,NULL,NULL,NOW(),NULL,NULL,NULL,NULL);
INSERT INTO ciclos VALUES (0,'x07','1','0',NULL,NULL,NULL,NULL,NULL,NOW(),NULL,NULL,NULL,NULL);

DROP TABLE IF EXISTS municipios;
CREATE TABLE municipios (
	codigomunicipio VARCHAR(4) NOT NULL,
	municipio VARCHAR(100) NOT NULL,
	codigoestado VARCHAR(2) NOT NULL,
	estado VARCHAR(100) NOT NULL,
	PRIMARY KEY (codigomunicipio,codigoestado)
) ENGINE = InnoDB;

INSERT INTO municipios VALUES
	('001','Acajete','30','Veracruz de Ignacio de la Llave'),
	('002','Acatlán','30','Veracruz de Ignacio de la Llave'),
	('003','Acayucan','30','Veracruz de Ignacio de la Llave'),
	('004','Actopan','30','Veracruz de Ignacio de la Llave'),
	('005','Acula','30','Veracruz de Ignacio de la Llave'),
	('006','Acultzingo','30','Veracruz de Ignacio de la Llave'),
	('007','Camarón de Tejeda','30','Veracruz de Ignacio de la Llave'),
	('008','Alpatláhuac','30','Veracruz de Ignacio de la Llave'),
	('009','Alto Lucero de Gutiérrez Barrios','30','Veracruz de Ignacio de la Llave'),
	('010','Altotonga','30','Veracruz de Ignacio de la Llave'),
	('011','Alvarado','30','Veracruz de Ignacio de la Llave'),
	('012','Amatitlán','30','Veracruz de Ignacio de la Llave'),
	('013','Naranjos Amatlán','30','Veracruz de Ignacio de la Llave'),
	('014','Amatlán de los Reyes','30','Veracruz de Ignacio de la Llave'),
	('015','Angel R. Cabada','30','Veracruz de Ignacio de la Llave'),
	('016','La Antigua','30','Veracruz de Ignacio de la Llave'),
	('017','Apazapan','30','Veracruz de Ignacio de la Llave'),
	('018','Aquila','30','Veracruz de Ignacio de la Llave'),
	('019','Astacinga','30','Veracruz de Ignacio de la Llave'),
	('020','Atlahuilco','30','Veracruz de Ignacio de la Llave'),
	('021','Atoyac','30','Veracruz de Ignacio de la Llave'),
	('022','Atzacan','30','Veracruz de Ignacio de la Llave'),
	('023','Atzalan','30','Veracruz de Ignacio de la Llave'),
	('024','Tlaltetela','30','Veracruz de Ignacio de la Llave'),
	('025','Ayahualulco','30','Veracruz de Ignacio de la Llave'),
	('026','Banderilla','30','Veracruz de Ignacio de la Llave'),
	('027','Benito Juárez','30','Veracruz de Ignacio de la Llave'),
	('028','Boca del Río','30','Veracruz de Ignacio de la Llave'),
	('029','Calcahualco','30','Veracruz de Ignacio de la Llave'),
	('030','Camerino Z. Mendoza','30','Veracruz de Ignacio de la Llave'),
	('031','Carrillo Puerto','30','Veracruz de Ignacio de la Llave'),
	('032','Catemaco','30','Veracruz de Ignacio de la Llave'),
	('033','Cazones de Herrera','30','Veracruz de Ignacio de la Llave'),
	('034','Cerro Azul','30','Veracruz de Ignacio de la Llave'),
	('035','Citlaltépetl','30','Veracruz de Ignacio de la Llave'),
	('036','Coacoatzintla','30','Veracruz de Ignacio de la Llave'),
	('037','Coahuitlán','30','Veracruz de Ignacio de la Llave'),
	('038','Coatepec','30','Veracruz de Ignacio de la Llave'),
	('039','Coatzacoalcos','30','Veracruz de Ignacio de la Llave'),
	('040','Coatzintla','30','Veracruz de Ignacio de la Llave'),
	('041','Coetzala','30','Veracruz de Ignacio de la Llave'),
	('042','Colipa','30','Veracruz de Ignacio de la Llave'),
	('043','Comapa','30','Veracruz de Ignacio de la Llave'),
	('044','Córdoba','30','Veracruz de Ignacio de la Llave'),
	('045','Cosamaloapan de Carpio','30','Veracruz de Ignacio de la Llave'),
	('046','Cosautlán de Carvajal','30','Veracruz de Ignacio de la Llave'),
	('047','Coscomatepec','30','Veracruz de Ignacio de la Llave'),
	('048','Cosoleacaque','30','Veracruz de Ignacio de la Llave'),
	('049','Cotaxtla','30','Veracruz de Ignacio de la Llave'),
	('050','Coxquihui','30','Veracruz de Ignacio de la Llave'),
	('051','Coyutla','30','Veracruz de Ignacio de la Llave'),
	('052','Cuichapa','30','Veracruz de Ignacio de la Llave'),
	('053','Cuitláhuac','30','Veracruz de Ignacio de la Llave'),
	('054','Chacaltianguis','30','Veracruz de Ignacio de la Llave'),
	('055','Chalma','30','Veracruz de Ignacio de la Llave'),
	('056','Chiconamel','30','Veracruz de Ignacio de la Llave'),
	('057','Chiconquiaco','30','Veracruz de Ignacio de la Llave'),
	('058','Chicontepec','30','Veracruz de Ignacio de la Llave'),
	('059','Chinameca','30','Veracruz de Ignacio de la Llave'),
	('060','Chinampa de Gorostiza','30','Veracruz de Ignacio de la Llave'),
	('061','Las Choapas','30','Veracruz de Ignacio de la Llave'),
	('062','Chocamán','30','Veracruz de Ignacio de la Llave'),
	('063','Chontla','30','Veracruz de Ignacio de la Llave'),
	('064','Chumatlán','30','Veracruz de Ignacio de la Llave'),
	('065','Emiliano Zapata','30','Veracruz de Ignacio de la Llave'),
	('066','Espinal','30','Veracruz de Ignacio de la Llave'),
	('067','Filomeno Mata','30','Veracruz de Ignacio de la Llave'),
	('068','Fortín','30','Veracruz de Ignacio de la Llave'),
	('069','Gutiérrez Zamora','30','Veracruz de Ignacio de la Llave'),
	('070','Hidalgotitlán','30','Veracruz de Ignacio de la Llave'),
	('071','Huatusco','30','Veracruz de Ignacio de la Llave'),
	('072','Huayacocotla','30','Veracruz de Ignacio de la Llave'),
	('073','Hueyapan de Ocampo','30','Veracruz de Ignacio de la Llave'),
	('074','Huiloapan de Cuauhtémoc','30','Veracruz de Ignacio de la Llave'),
	('075','Ignacio de la Llave','30','Veracruz de Ignacio de la Llave'),
	('076','Ilamatlán','30','Veracruz de Ignacio de la Llave'),
	('077','Isla','30','Veracruz de Ignacio de la Llave'),
	('078','Ixcatepec','30','Veracruz de Ignacio de la Llave'),
	('079','Ixhuacán de los Reyes','30','Veracruz de Ignacio de la Llave'),
	('080','Ixhuatlán del Café','30','Veracruz de Ignacio de la Llave'),
	('081','Ixhuatlancillo','30','Veracruz de Ignacio de la Llave'),
	('082','Ixhuatlán del Sureste','30','Veracruz de Ignacio de la Llave'),
	('083','Ixhuatlán de Madero','30','Veracruz de Ignacio de la Llave'),
	('084','Ixmatlahuacan','30','Veracruz de Ignacio de la Llave'),
	('085','Ixtaczoquitlán','30','Veracruz de Ignacio de la Llave'),
	('086','Jalacingo','30','Veracruz de Ignacio de la Llave'),
	('087','Xalapa','30','Veracruz de Ignacio de la Llave'),
	('088','Jalcomulco','30','Veracruz de Ignacio de la Llave'),
	('089','Jáltipan','30','Veracruz de Ignacio de la Llave'),
	('090','Jamapa','30','Veracruz de Ignacio de la Llave'),
	('091','Jesús Carranza','30','Veracruz de Ignacio de la Llave'),
	('092','Xico','30','Veracruz de Ignacio de la Llave'),
	('093','Jilotepec','30','Veracruz de Ignacio de la Llave'),
	('094','Juan Rodríguez Clara','30','Veracruz de Ignacio de la Llave'),
	('095','Juchique de Ferrer','30','Veracruz de Ignacio de la Llave'),
	('096','Landero y Coss','30','Veracruz de Ignacio de la Llave'),
	('097','Lerdo de Tejada','30','Veracruz de Ignacio de la Llave'),
	('098','Magdalena','30','Veracruz de Ignacio de la Llave'),
	('099','Maltrata','30','Veracruz de Ignacio de la Llave'),
	('100','Manlio Fabio Altamirano','30','Veracruz de Ignacio de la Llave'),
	('101','Mariano Escobedo','30','Veracruz de Ignacio de la Llave'),
	('102','Martínez de la Torre','30','Veracruz de Ignacio de la Llave'),
	('103','Mecatlán','30','Veracruz de Ignacio de la Llave'),
	('104','Mecayapan','30','Veracruz de Ignacio de la Llave'),
	('105','Medellín','30','Veracruz de Ignacio de la Llave'),
	('106','Miahuatlán','30','Veracruz de Ignacio de la Llave'),
	('107','Las Minas','30','Veracruz de Ignacio de la Llave'),
	('108','Minatitlán','30','Veracruz de Ignacio de la Llave'),
	('109','Misantla','30','Veracruz de Ignacio de la Llave'),
	('110','Mixtla de Altamirano','30','Veracruz de Ignacio de la Llave'),
	('111','Moloacán','30','Veracruz de Ignacio de la Llave'),
	('112','Naolinco','30','Veracruz de Ignacio de la Llave'),
	('113','Naranjal','30','Veracruz de Ignacio de la Llave'),
	('114','Nautla','30','Veracruz de Ignacio de la Llave'),
	('115','Nogales','30','Veracruz de Ignacio de la Llave'),
	('116','Oluta','30','Veracruz de Ignacio de la Llave'),
	('117','Omealca','30','Veracruz de Ignacio de la Llave'),
	('118','Orizaba','30','Veracruz de Ignacio de la Llave'),
	('119','Otatitlán','30','Veracruz de Ignacio de la Llave'),
	('120','Oteapan','30','Veracruz de Ignacio de la Llave'),
	('121','Ozuluama de Mascareñas','30','Veracruz de Ignacio de la Llave'),
	('122','Pajapan','30','Veracruz de Ignacio de la Llave'),
	('123','Pánuco','30','Veracruz de Ignacio de la Llave'),
	('124','Papantla','30','Veracruz de Ignacio de la Llave'),
	('125','Paso del Macho','30','Veracruz de Ignacio de la Llave'),
	('126','Paso de Ovejas','30','Veracruz de Ignacio de la Llave'),
	('127','La Perla','30','Veracruz de Ignacio de la Llave'),
	('128','Perote','30','Veracruz de Ignacio de la Llave'),
	('129','Platón Sánchez','30','Veracruz de Ignacio de la Llave'),
	('130','Playa Vicente','30','Veracruz de Ignacio de la Llave'),
	('131','Poza Rica de Hidalgo','30','Veracruz de Ignacio de la Llave'),
	('132','Las Vigas de Ramírez','30','Veracruz de Ignacio de la Llave'),
	('133','Pueblo Viejo','30','Veracruz de Ignacio de la Llave'),
	('134','Puente Nacional','30','Veracruz de Ignacio de la Llave'),
	('135','Rafael Delgado','30','Veracruz de Ignacio de la Llave'),
	('136','Rafael Lucio','30','Veracruz de Ignacio de la Llave'),
	('137','Los Reyes','30','Veracruz de Ignacio de la Llave'),
	('138','Río Blanco','30','Veracruz de Ignacio de la Llave'),
	('139','Saltabarranca','30','Veracruz de Ignacio de la Llave'),
	('140','San Andrés Tenejapan','30','Veracruz de Ignacio de la Llave'),
	('141','San Andrés Tuxtla','30','Veracruz de Ignacio de la Llave'),
	('142','San Juan Evangelista','30','Veracruz de Ignacio de la Llave'),
	('143','Santiago Tuxtla','30','Veracruz de Ignacio de la Llave'),
	('144','Sayula de Alemán','30','Veracruz de Ignacio de la Llave'),
	('145','Soconusco','30','Veracruz de Ignacio de la Llave'),
	('146','Sochiapa','30','Veracruz de Ignacio de la Llave'),
	('147','Soledad Atzompa','30','Veracruz de Ignacio de la Llave'),
	('148','Soledad de Doblado','30','Veracruz de Ignacio de la Llave'),
	('149','Soteapan','30','Veracruz de Ignacio de la Llave'),
	('150','Tamalín','30','Veracruz de Ignacio de la Llave'),
	('151','Tamiahua','30','Veracruz de Ignacio de la Llave'),
	('152','Tampico Alto','30','Veracruz de Ignacio de la Llave'),
	('153','Tancoco','30','Veracruz de Ignacio de la Llave'),
	('154','Tantima','30','Veracruz de Ignacio de la Llave'),
	('155','Tantoyuca','30','Veracruz de Ignacio de la Llave'),
	('156','Tatatila','30','Veracruz de Ignacio de la Llave'),
	('157','Castillo de Teayo','30','Veracruz de Ignacio de la Llave'),
	('158','Tecolutla','30','Veracruz de Ignacio de la Llave'),
	('159','Tehuipango','30','Veracruz de Ignacio de la Llave'),
	('160','Álamo Temapache','30','Veracruz de Ignacio de la Llave'),
	('161','Tempoal','30','Veracruz de Ignacio de la Llave'),
	('162','Tenampa','30','Veracruz de Ignacio de la Llave'),
	('163','Tenochtitlán','30','Veracruz de Ignacio de la Llave'),
	('164','Teocelo','30','Veracruz de Ignacio de la Llave'),
	('165','Tepatlaxco','30','Veracruz de Ignacio de la Llave'),
	('166','Tepetlán','30','Veracruz de Ignacio de la Llave'),
	('167','Tepetzintla','30','Veracruz de Ignacio de la Llave'),
	('168','Tequila','30','Veracruz de Ignacio de la Llave'),
	('169','José Azueta','30','Veracruz de Ignacio de la Llave'),
	('170','Texcatepec','30','Veracruz de Ignacio de la Llave'),
	('171','Texhuacán','30','Veracruz de Ignacio de la Llave'),
	('172','Texistepec','30','Veracruz de Ignacio de la Llave'),
	('173','Tezonapa','30','Veracruz de Ignacio de la Llave'),
	('174','Tierra Blanca','30','Veracruz de Ignacio de la Llave'),
	('175','Tihuatlán','30','Veracruz de Ignacio de la Llave'),
	('176','Tlacojalpan','30','Veracruz de Ignacio de la Llave'),
	('177','Tlacolulan','30','Veracruz de Ignacio de la Llave'),
	('178','Tlacotalpan','30','Veracruz de Ignacio de la Llave'),
	('179','Tlacotepec de Mejía','30','Veracruz de Ignacio de la Llave'),
	('180','Tlachichilco','30','Veracruz de Ignacio de la Llave'),
	('181','Tlalixcoyan','30','Veracruz de Ignacio de la Llave'),
	('182','Tlalnelhuayocan','30','Veracruz de Ignacio de la Llave'),
	('183','Tlapacoyan','30','Veracruz de Ignacio de la Llave'),
	('184','Tlaquilpa','30','Veracruz de Ignacio de la Llave'),
	('185','Tlilapan','30','Veracruz de Ignacio de la Llave'),
	('186','Tomatlán','30','Veracruz de Ignacio de la Llave'),
	('187','Tonayán','30','Veracruz de Ignacio de la Llave'),
	('188','Totutla','30','Veracruz de Ignacio de la Llave'),
	('189','Tuxpan','30','Veracruz de Ignacio de la Llave'),
	('190','Tuxtilla','30','Veracruz de Ignacio de la Llave'),
	('191','Ursulo Galván','30','Veracruz de Ignacio de la Llave'),
	('192','Vega de Alatorre','30','Veracruz de Ignacio de la Llave'),
	('193','Veracruz','30','Veracruz de Ignacio de la Llave'),
	('194','Villa Aldama','30','Veracruz de Ignacio de la Llave'),
	('195','Xoxocotla','30','Veracruz de Ignacio de la Llave'),
	('196','Yanga','30','Veracruz de Ignacio de la Llave'),
	('197','Yecuatla','30','Veracruz de Ignacio de la Llave'),
	('198','Zacualpan','30','Veracruz de Ignacio de la Llave'),
	('199','Zaragoza','30','Veracruz de Ignacio de la Llave'),
	('200','Zentla','30','Veracruz de Ignacio de la Llave'),
	('201','Zongolica','30','Veracruz de Ignacio de la Llave'),
	('202','Zontecomatlán de López y Fuentes','30','Veracruz de Ignacio de la Llave'),
	('203','Zozocolco de Hidalgo','30','Veracruz de Ignacio de la Llave'),
	('204','Agua Dulce','30','Veracruz de Ignacio de la Llave'),
	('205','El Higo','30','Veracruz de Ignacio de la Llave'),
	('206','Nanchital de Lázaro Cárdenas del Río','30','Veracruz de Ignacio de la Llave'),
	('207','Tres Valles','30','Veracruz de Ignacio de la Llave'),
	('208','Carlos A. Carrillo','30','Veracruz de Ignacio de la Llave'),
	('209','Tatahuicapan de Juárez','30','Veracruz de Ignacio de la Llave'),
	('210','Uxpanapa','30','Veracruz de Ignacio de la Llave'),
	('211','San Rafael','30','Veracruz de Ignacio de la Llave'),
	('212','Santiago Sochiapan','30','Veracruz de Ignacio de la Llave');

INSERT INTO municipios VALUES
	('001','Abejones','20','Oaxaca'),
	('002','Acatlán de Pérez Figueroa','20','Oaxaca'),
	('003','Asunción Cacalotepec','20','Oaxaca'),
	('004','Asunción Cuyotepeji','20','Oaxaca'),
	('005','Asunción Ixtaltepec','20','Oaxaca'),
	('006','Asunción Nochixtlán','20','Oaxaca'),
	('007','Asunción Ocotlán','20','Oaxaca'),
	('008','Asunción Tlacolulita','20','Oaxaca'),
	('009','Ayotzintepec','20','Oaxaca'),
	('010','El Barrio de la Soledad','20','Oaxaca'),
	('011','Calihualá','20','Oaxaca'),
	('012','Candelaria Loxicha','20','Oaxaca'),
	('013','Ciénega de Zimatlán','20','Oaxaca'),
	('014','Ciudad Ixtepec','20','Oaxaca'),
	('015','Coatecas Altas','20','Oaxaca'),
	('016','Coicoyán de las Flores','20','Oaxaca'),
	('017','La Compañía','20','Oaxaca'),
	('018','Concepción Buenavista','20','Oaxaca'),
	('019','Concepción Pápalo','20','Oaxaca'),
	('020','Constancia del Rosario','20','Oaxaca'),
	('021','Cosolapa','20','Oaxaca'),
	('022','Cosoltepec','20','Oaxaca'),
	('023','Cuilápam de Guerrero','20','Oaxaca'),
	('024','Cuyamecalco Villa de Zaragoza','20','Oaxaca'),
	('025','Chahuites','20','Oaxaca'),
	('026','Chalcatongo de Hidalgo','20','Oaxaca'),
	('027','Chiquihuitlán de Benito Juárez','20','Oaxaca'),
	('028','Heroica Ciudad de Ejutla de Crespo','20','Oaxaca'),
	('029','Eloxochitlán de Flores Magón','20','Oaxaca'),
	('030','El Espinal','20','Oaxaca'),
	('031','Tamazulápam del Espíritu Santo','20','Oaxaca'),
	('032','Fresnillo de Trujano','20','Oaxaca'),
	('033','Guadalupe Etla','20','Oaxaca'),
	('034','Guadalupe de Ramírez','20','Oaxaca'),
	('035','Guelatao de Juárez','20','Oaxaca'),
	('036','Guevea de Humboldt','20','Oaxaca'),
	('037','Mesones Hidalgo','20','Oaxaca'),
	('038','Villa Hidalgo','20','Oaxaca'),
	('039','Heroica Ciudad de Huajuapan de León','20','Oaxaca'),
	('040','Huautepec','20','Oaxaca'),
	('041','Huautla de Jiménez','20','Oaxaca'),
	('042','Ixtlán de Juárez','20','Oaxaca'),
	('043','Heroica Ciudad de Juchitán de Zaragoza','20','Oaxaca'),
	('044','Loma Bonita','20','Oaxaca'),
	('045','Magdalena Apasco','20','Oaxaca'),
	('046','Magdalena Jaltepec','20','Oaxaca'),
	('047','Santa Magdalena Jicotlán','20','Oaxaca'),
	('048','Magdalena Mixtepec','20','Oaxaca'),
	('049','Magdalena Ocotlán','20','Oaxaca'),
	('050','Magdalena Peñasco','20','Oaxaca'),
	('051','Magdalena Teitipac','20','Oaxaca'),
	('052','Magdalena Tequisistlán','20','Oaxaca'),
	('053','Magdalena Tlacotepec','20','Oaxaca'),
	('054','Magdalena Zahuatlán','20','Oaxaca'),
	('055','Mariscala de Juárez','20','Oaxaca'),
	('056','Mártires de Tacubaya','20','Oaxaca'),
	('057','Matías Romero Avendaño','20','Oaxaca'),
	('058','Mazatlán Villa de Flores','20','Oaxaca'),
	('059','Miahuatlán de Porfirio Díaz','20','Oaxaca'),
	('060','Mixistlán de la Reforma','20','Oaxaca'),
	('061','Monjas','20','Oaxaca'),
	('062','Natividad','20','Oaxaca'),
	('063','Nazareno Etla','20','Oaxaca'),
	('064','Nejapa de Madero','20','Oaxaca'),
	('065','Ixpantepec Nieves','20','Oaxaca'),
	('066','Santiago Niltepec','20','Oaxaca'),
	('067','Oaxaca de Juárez','20','Oaxaca'),
	('068','Ocotlán de Morelos','20','Oaxaca'),
	('069','La Pe','20','Oaxaca'),
	('070','Pinotepa de Don Luis','20','Oaxaca'),
	('071','Pluma Hidalgo','20','Oaxaca'),
	('072','San José del Progreso','20','Oaxaca'),
	('073','Putla Villa de Guerrero','20','Oaxaca'),
	('074','Santa Catarina Quioquitani','20','Oaxaca'),
	('075','Reforma de Pineda','20','Oaxaca'),
	('076','La Reforma','20','Oaxaca'),
	('077','Reyes Etla','20','Oaxaca'),
	('078','Rojas de Cuauhtémoc','20','Oaxaca'),
	('079','Salina Cruz','20','Oaxaca'),
	('080','San Agustín Amatengo','20','Oaxaca'),
	('081','San Agustín Atenango','20','Oaxaca'),
	('082','San Agustín Chayuco','20','Oaxaca'),
	('083','San Agustín de las Juntas','20','Oaxaca'),
	('084','San Agustín Etla','20','Oaxaca'),
	('085','San Agustín Loxicha','20','Oaxaca'),
	('086','San Agustín Tlacotepec','20','Oaxaca'),
	('087','San Agustín Yatareni','20','Oaxaca'),
	('088','San Andrés Cabecera Nueva','20','Oaxaca'),
	('089','San Andrés Dinicuiti','20','Oaxaca'),
	('090','San Andrés Huaxpaltepec','20','Oaxaca'),
	('091','San Andrés Huayápam','20','Oaxaca'),
	('092','San Andrés Ixtlahuaca','20','Oaxaca'),
	('093','San Andrés Lagunas','20','Oaxaca'),
	('094','San Andrés Nuxiño','20','Oaxaca'),
	('095','San Andrés Paxtlán','20','Oaxaca'),
	('096','San Andrés Sinaxtla','20','Oaxaca'),
	('097','San Andrés Solaga','20','Oaxaca'),
	('098','San Andrés Teotilálpam','20','Oaxaca'),
	('099','San Andrés Tepetlapa','20','Oaxaca'),
	('100','San Andrés Yaá','20','Oaxaca'),
	('101','San Andrés Zabache','20','Oaxaca'),
	('102','San Andrés Zautla','20','Oaxaca'),
	('103','San Antonino Castillo Velasco','20','Oaxaca'),
	('104','San Antonino el Alto','20','Oaxaca'),
	('105','San Antonino Monte Verde','20','Oaxaca'),
	('106','San Antonio Acutla','20','Oaxaca'),
	('107','San Antonio de la Cal','20','Oaxaca'),
	('108','San Antonio Huitepec','20','Oaxaca'),
	('109','San Antonio Nanahuatípam','20','Oaxaca'),
	('110','San Antonio Sinicahua','20','Oaxaca'),
	('111','San Antonio Tepetlapa','20','Oaxaca'),
	('112','San Baltazar Chichicápam','20','Oaxaca'),
	('113','San Baltazar Loxicha','20','Oaxaca'),
	('114','San Baltazar Yatzachi el Bajo','20','Oaxaca'),
	('115','San Bartolo Coyotepec','20','Oaxaca'),
	('116','San Bartolomé Ayautla','20','Oaxaca'),
	('117','San Bartolomé Loxicha','20','Oaxaca'),
	('118','San Bartolomé Quialana','20','Oaxaca'),
	('119','San Bartolomé Yucuañe','20','Oaxaca'),
	('120','San Bartolomé Zoogocho','20','Oaxaca'),
	('121','San Bartolo Soyaltepec','20','Oaxaca'),
	('122','San Bartolo Yautepec','20','Oaxaca'),
	('123','San Bernardo Mixtepec','20','Oaxaca'),
	('124','San Blas Atempa','20','Oaxaca'),
	('125','San Carlos Yautepec','20','Oaxaca'),
	('126','San Cristóbal Amatlán','20','Oaxaca'),
	('127','San Cristóbal Amoltepec','20','Oaxaca'),
	('128','San Cristóbal Lachirioag','20','Oaxaca'),
	('129','San Cristóbal Suchixtlahuaca','20','Oaxaca'),
	('130','San Dionisio del Mar','20','Oaxaca'),
	('131','San Dionisio Ocotepec','20','Oaxaca'),
	('132','San Dionisio Ocotlán','20','Oaxaca'),
	('133','San Esteban Atatlahuca','20','Oaxaca'),
	('134','San Felipe Jalapa de Díaz','20','Oaxaca'),
	('135','San Felipe Tejalápam','20','Oaxaca'),
	('136','San Felipe Usila','20','Oaxaca'),
	('137','San Francisco Cahuacuá','20','Oaxaca'),
	('138','San Francisco Cajonos','20','Oaxaca'),
	('139','San Francisco Chapulapa','20','Oaxaca'),
	('140','San Francisco Chindúa','20','Oaxaca'),
	('141','San Francisco del Mar','20','Oaxaca'),
	('142','San Francisco Huehuetlán','20','Oaxaca'),
	('143','San Francisco Ixhuatán','20','Oaxaca'),
	('144','San Francisco Jaltepetongo','20','Oaxaca'),
	('145','San Francisco Lachigoló','20','Oaxaca'),
	('146','San Francisco Logueche','20','Oaxaca'),
	('147','San Francisco Nuxaño','20','Oaxaca'),
	('148','San Francisco Ozolotepec','20','Oaxaca'),
	('149','San Francisco Sola','20','Oaxaca'),
	('150','San Francisco Telixtlahuaca','20','Oaxaca'),
	('151','San Francisco Teopan','20','Oaxaca'),
	('152','San Francisco Tlapancingo','20','Oaxaca'),
	('153','San Gabriel Mixtepec','20','Oaxaca'),
	('154','San Ildefonso Amatlán','20','Oaxaca'),
	('155','San Ildefonso Sola','20','Oaxaca'),
	('156','San Ildefonso Villa Alta','20','Oaxaca'),
	('157','San Jacinto Amilpas','20','Oaxaca'),
	('158','San Jacinto Tlacotepec','20','Oaxaca'),
	('159','San Jerónimo Coatlán','20','Oaxaca'),
	('160','San Jerónimo Silacayoapilla','20','Oaxaca'),
	('161','San Jerónimo Sosola','20','Oaxaca'),
	('162','San Jerónimo Taviche','20','Oaxaca'),
	('163','San Jerónimo Tecóatl','20','Oaxaca'),
	('164','San Jorge Nuchita','20','Oaxaca'),
	('165','San José Ayuquila','20','Oaxaca'),
	('166','San José Chiltepec','20','Oaxaca'),
	('167','San José del Peñasco','20','Oaxaca'),
	('168','San José Estancia Grande','20','Oaxaca'),
	('169','San José Independencia','20','Oaxaca'),
	('170','San José Lachiguiri','20','Oaxaca'),
	('171','San José Tenango','20','Oaxaca'),
	('172','San Juan Achiutla','20','Oaxaca'),
	('173','San Juan Atepec','20','Oaxaca'),
	('174','Ánimas Trujano','20','Oaxaca'),
	('175','San Juan Bautista Atatlahuca','20','Oaxaca'),
	('176','San Juan Bautista Coixtlahuaca','20','Oaxaca'),
	('177','San Juan Bautista Cuicatlán','20','Oaxaca'),
	('178','San Juan Bautista Guelache','20','Oaxaca'),
	('179','San Juan Bautista Jayacatlán','20','Oaxaca'),
	('180','San Juan Bautista Lo de Soto','20','Oaxaca'),
	('181','San Juan Bautista Suchitepec','20','Oaxaca'),
	('182','San Juan Bautista Tlacoatzintepec','20','Oaxaca'),
	('183','San Juan Bautista Tlachichilco','20','Oaxaca'),
	('184','San Juan Bautista Tuxtepec','20','Oaxaca'),
	('185','San Juan Cacahuatepec','20','Oaxaca'),
	('186','San Juan Cieneguilla','20','Oaxaca'),
	('187','San Juan Coatzóspam','20','Oaxaca'),
	('188','San Juan Colorado','20','Oaxaca'),
	('189','San Juan Comaltepec','20','Oaxaca'),
	('190','San Juan Cotzocón','20','Oaxaca'),
	('191','San Juan Chicomezúchil','20','Oaxaca'),
	('192','San Juan Chilateca','20','Oaxaca'),
	('193','San Juan del Estado','20','Oaxaca'),
	('194','San Juan del Río','20','Oaxaca'),
	('195','San Juan Diuxi','20','Oaxaca'),
	('196','San Juan Evangelista Analco','20','Oaxaca'),
	('197','San Juan Guelavía','20','Oaxaca'),
	('198','San Juan Guichicovi','20','Oaxaca'),
	('199','San Juan Ihualtepec','20','Oaxaca'),
	('200','San Juan Juquila Mixes','20','Oaxaca'),
	('201','San Juan Juquila Vijanos','20','Oaxaca'),
	('202','San Juan Lachao','20','Oaxaca'),
	('203','San Juan Lachigalla','20','Oaxaca'),
	('204','San Juan Lajarcia','20','Oaxaca'),
	('205','San Juan Lalana','20','Oaxaca'),
	('206','San Juan de los Cués','20','Oaxaca'),
	('207','San Juan Mazatlán','20','Oaxaca'),
	('208','San Juan Mixtepec -Dto. 08 -','20','Oaxaca'),
	('209','San Juan Mixtepec -Dto. 26 -','20','Oaxaca'),
	('210','San Juan Ñumí','20','Oaxaca'),
	('211','San Juan Ozolotepec','20','Oaxaca'),
	('212','San Juan Petlapa','20','Oaxaca'),
	('213','San Juan Quiahije','20','Oaxaca'),
	('214','San Juan Quiotepec','20','Oaxaca'),
	('215','San Juan Sayultepec','20','Oaxaca'),
	('216','San Juan Tabaá','20','Oaxaca'),
	('217','San Juan Tamazola','20','Oaxaca'),
	('218','San Juan Teita','20','Oaxaca'),
	('219','San Juan Teitipac','20','Oaxaca'),
	('220','San Juan Tepeuxila','20','Oaxaca'),
	('221','San Juan Teposcolula','20','Oaxaca'),
	('222','San Juan Yaeé','20','Oaxaca'),
	('223','San Juan Yatzona','20','Oaxaca'),
	('224','San Juan Yucuita','20','Oaxaca'),
	('225','San Lorenzo','20','Oaxaca'),
	('226','San Lorenzo Albarradas','20','Oaxaca'),
	('227','San Lorenzo Cacaotepec','20','Oaxaca'),
	('228','San Lorenzo Cuaunecuiltitla','20','Oaxaca'),
	('229','San Lorenzo Texmelúcan','20','Oaxaca'),
	('230','San Lorenzo Victoria','20','Oaxaca'),
	('231','San Lucas Camotlán','20','Oaxaca'),
	('232','San Lucas Ojitlán','20','Oaxaca'),
	('233','San Lucas Quiaviní','20','Oaxaca'),
	('234','San Lucas Zoquiápam','20','Oaxaca'),
	('235','San Luis Amatlán','20','Oaxaca'),
	('236','San Marcial Ozolotepec','20','Oaxaca'),
	('237','San Marcos Arteaga','20','Oaxaca'),
	('238','San Martín de los Cansecos','20','Oaxaca'),
	('239','San Martín Huamelúlpam','20','Oaxaca'),
	('240','San Martín Itunyoso','20','Oaxaca'),
	('241','San Martín Lachilá','20','Oaxaca'),
	('242','San Martín Peras','20','Oaxaca'),
	('243','San Martín Tilcajete','20','Oaxaca'),
	('244','San Martín Toxpalan','20','Oaxaca'),
	('245','San Martín Zacatepec','20','Oaxaca'),
	('246','San Mateo Cajonos','20','Oaxaca'),
	('247','Capulálpam de Méndez','20','Oaxaca'),
	('248','San Mateo del Mar','20','Oaxaca'),
	('249','San Mateo Yoloxochitlán','20','Oaxaca'),
	('250','San Mateo Etlatongo','20','Oaxaca'),
	('251','San Mateo Nejápam','20','Oaxaca'),
	('252','San Mateo Peñasco','20','Oaxaca'),
	('253','San Mateo Piñas','20','Oaxaca'),
	('254','San Mateo Río Hondo','20','Oaxaca'),
	('255','San Mateo Sindihui','20','Oaxaca'),
	('256','San Mateo Tlapiltepec','20','Oaxaca'),
	('257','San Melchor Betaza','20','Oaxaca'),
	('258','San Miguel Achiutla','20','Oaxaca'),
	('259','San Miguel Ahuehuetitlán','20','Oaxaca'),
	('260','San Miguel Aloápam','20','Oaxaca'),
	('261','San Miguel Amatitlán','20','Oaxaca'),
	('262','San Miguel Amatlán','20','Oaxaca'),
	('263','San Miguel Coatlán','20','Oaxaca'),
	('264','San Miguel Chicahua','20','Oaxaca'),
	('265','San Miguel Chimalapa','20','Oaxaca'),
	('266','San Miguel del Puerto','20','Oaxaca'),
	('267','San Miguel del Río','20','Oaxaca'),
	('268','San Miguel Ejutla','20','Oaxaca'),
	('269','San Miguel el Grande','20','Oaxaca'),
	('270','San Miguel Huautla','20','Oaxaca'),
	('271','San Miguel Mixtepec','20','Oaxaca'),
	('272','San Miguel Panixtlahuaca','20','Oaxaca'),
	('273','San Miguel Peras','20','Oaxaca'),
	('274','San Miguel Piedras','20','Oaxaca'),
	('275','San Miguel Quetzaltepec','20','Oaxaca'),
	('276','San Miguel Santa Flor','20','Oaxaca'),
	('277','Villa Sola de Vega','20','Oaxaca'),
	('278','San Miguel Soyaltepec','20','Oaxaca'),
	('279','San Miguel Suchixtepec','20','Oaxaca'),
	('280','Villa Talea de Castro','20','Oaxaca'),
	('281','San Miguel Tecomatlán','20','Oaxaca'),
	('282','San Miguel Tenango','20','Oaxaca'),
	('283','San Miguel Tequixtepec','20','Oaxaca'),
	('284','San Miguel Tilquiápam','20','Oaxaca'),
	('285','San Miguel Tlacamama','20','Oaxaca'),
	('286','San Miguel Tlacotepec','20','Oaxaca'),
	('287','San Miguel Tulancingo','20','Oaxaca'),
	('288','San Miguel Yotao','20','Oaxaca'),
	('289','San Nicolás','20','Oaxaca'),
	('290','San Nicolás Hidalgo','20','Oaxaca'),
	('291','San Pablo Coatlán','20','Oaxaca'),
	('292','San Pablo Cuatro Venados','20','Oaxaca'),
	('293','San Pablo Etla','20','Oaxaca'),
	('294','San Pablo Huitzo','20','Oaxaca'),
	('295','San Pablo Huixtepec','20','Oaxaca'),
	('296','San Pablo Macuiltianguis','20','Oaxaca'),
	('297','San Pablo Tijaltepec','20','Oaxaca'),
	('298','San Pablo Villa de Mitla','20','Oaxaca'),
	('299','San Pablo Yaganiza','20','Oaxaca'),
	('300','San Pedro Amuzgos','20','Oaxaca'),
	('301','San Pedro Apóstol','20','Oaxaca'),
	('302','San Pedro Atoyac','20','Oaxaca'),
	('303','San Pedro Cajonos','20','Oaxaca'),
	('304','San Pedro Coxcaltepec Cántaros','20','Oaxaca'),
	('305','San Pedro Comitancillo','20','Oaxaca'),
	('306','San Pedro el Alto','20','Oaxaca'),
	('307','San Pedro Huamelula','20','Oaxaca'),
	('308','San Pedro Huilotepec','20','Oaxaca'),
	('309','San Pedro Ixcatlán','20','Oaxaca'),
	('310','San Pedro Ixtlahuaca','20','Oaxaca'),
	('311','San Pedro Jaltepetongo','20','Oaxaca'),
	('312','San Pedro Jicayán','20','Oaxaca'),
	('313','San Pedro Jocotipac','20','Oaxaca'),
	('314','San Pedro Juchatengo','20','Oaxaca'),
	('315','San Pedro Mártir','20','Oaxaca'),
	('316','San Pedro Mártir Quiechapa','20','Oaxaca'),
	('317','San Pedro Mártir Yucuxaco','20','Oaxaca'),
	('318','San Pedro Mixtepec -Dto. 22 -','20','Oaxaca'),
	('319','San Pedro Mixtepec -Dto. 26 -','20','Oaxaca'),
	('320','San Pedro Molinos','20','Oaxaca'),
	('321','San Pedro Nopala','20','Oaxaca'),
	('322','San Pedro Ocopetatillo','20','Oaxaca'),
	('323','San Pedro Ocotepec','20','Oaxaca'),
	('324','San Pedro Pochutla','20','Oaxaca'),
	('325','San Pedro Quiatoni','20','Oaxaca'),
	('326','San Pedro Sochiápam','20','Oaxaca'),
	('327','San Pedro Tapanatepec','20','Oaxaca'),
	('328','San Pedro Taviche','20','Oaxaca'),
	('329','San Pedro Teozacoalco','20','Oaxaca'),
	('330','San Pedro Teutila','20','Oaxaca'),
	('331','San Pedro Tidaá','20','Oaxaca'),
	('332','San Pedro Topiltepec','20','Oaxaca'),
	('333','San Pedro Totolápam','20','Oaxaca'),
	('334','Villa de Tututepec de Melchor Ocampo','20','Oaxaca'),
	('335','San Pedro Yaneri','20','Oaxaca'),
	('336','San Pedro Yólox','20','Oaxaca'),
	('337','San Pedro y San Pablo Ayutla','20','Oaxaca'),
	('338','Villa de Etla','20','Oaxaca'),
	('339','San Pedro y San Pablo Teposcolula','20','Oaxaca'),
	('340','San Pedro y San Pablo Tequixtepec','20','Oaxaca'),
	('341','San Pedro Yucunama','20','Oaxaca'),
	('342','San Raymundo Jalpan','20','Oaxaca'),
	('343','San Sebastián Abasolo','20','Oaxaca'),
	('344','San Sebastián Coatlán','20','Oaxaca'),
	('345','San Sebastián Ixcapa','20','Oaxaca'),
	('346','San Sebastián Nicananduta','20','Oaxaca'),
	('347','San Sebastián Río Hondo','20','Oaxaca'),
	('348','San Sebastián Tecomaxtlahuaca','20','Oaxaca'),
	('349','San Sebastián Teitipac','20','Oaxaca'),
	('350','San Sebastián Tutla','20','Oaxaca'),
	('351','San Simón Almolongas','20','Oaxaca'),
	('352','San Simón Zahuatlán','20','Oaxaca'),
	('353','Santa Ana','20','Oaxaca'),
	('354','Santa Ana Ateixtlahuaca','20','Oaxaca'),
	('355','Santa Ana Cuauhtémoc','20','Oaxaca'),
	('356','Santa Ana del Valle','20','Oaxaca'),
	('357','Santa Ana Tavela','20','Oaxaca'),
	('358','Santa Ana Tlapacoyan','20','Oaxaca'),
	('359','Santa Ana Yareni','20','Oaxaca'),
	('360','Santa Ana Zegache','20','Oaxaca'),
	('361','Santa Catalina Quierí','20','Oaxaca'),
	('362','Santa Catarina Cuixtla','20','Oaxaca'),
	('363','Santa Catarina Ixtepeji','20','Oaxaca'),
	('364','Santa Catarina Juquila','20','Oaxaca'),
	('365','Santa Catarina Lachatao','20','Oaxaca'),
	('366','Santa Catarina Loxicha','20','Oaxaca'),
	('367','Santa Catarina Mechoacán','20','Oaxaca'),
	('368','Santa Catarina Minas','20','Oaxaca'),
	('369','Santa Catarina Quiané','20','Oaxaca'),
	('370','Santa Catarina Tayata','20','Oaxaca'),
	('371','Santa Catarina Ticuá','20','Oaxaca'),
	('372','Santa Catarina Yosonotú','20','Oaxaca'),
	('373','Santa Catarina Zapoquila','20','Oaxaca'),
	('374','Santa Cruz Acatepec','20','Oaxaca'),
	('375','Santa Cruz Amilpas','20','Oaxaca'),
	('376','Santa Cruz de Bravo','20','Oaxaca'),
	('377','Santa Cruz Itundujia','20','Oaxaca'),
	('378','Santa Cruz Mixtepec','20','Oaxaca'),
	('379','Santa Cruz Nundaco','20','Oaxaca'),
	('380','Santa Cruz Papalutla','20','Oaxaca'),
	('381','Santa Cruz Tacache de Mina','20','Oaxaca'),
	('382','Santa Cruz Tacahua','20','Oaxaca'),
	('383','Santa Cruz Tayata','20','Oaxaca'),
	('384','Santa Cruz Xitla','20','Oaxaca'),
	('385','Santa Cruz Xoxocotlán','20','Oaxaca'),
	('386','Santa Cruz Zenzontepec','20','Oaxaca'),
	('387','Santa Gertrudis','20','Oaxaca'),
	('388','Santa Inés del Monte','20','Oaxaca'),
	('389','Santa Inés Yatzeche','20','Oaxaca'),
	('390','Santa Lucía del Camino','20','Oaxaca'),
	('391','Santa Lucía Miahuatlán','20','Oaxaca'),
	('392','Santa Lucía Monteverde','20','Oaxaca'),
	('393','Santa Lucía Ocotlán','20','Oaxaca'),
	('394','Santa María Alotepec','20','Oaxaca'),
	('395','Santa María Apazco','20','Oaxaca'),
	('396','Santa María la Asunción','20','Oaxaca'),
	('397','Heroica Ciudad de Tlaxiaco','20','Oaxaca'),
	('398','Ayoquezco de Aldama','20','Oaxaca'),
	('399','Santa María Atzompa','20','Oaxaca'),
	('400','Santa María Camotlán','20','Oaxaca'),
	('401','Santa María Colotepec','20','Oaxaca'),
	('402','Santa María Cortijo','20','Oaxaca'),
	('403','Santa María Coyotepec','20','Oaxaca'),
	('404','Santa María Chachoápam','20','Oaxaca'),
	('405','Villa de Chilapa de Díaz','20','Oaxaca'),
	('406','Santa María Chilchotla','20','Oaxaca'),
	('407','Santa María Chimalapa','20','Oaxaca'),
	('408','Santa María del Rosario','20','Oaxaca'),
	('409','Santa María del Tule','20','Oaxaca'),
	('410','Santa María Ecatepec','20','Oaxaca'),
	('411','Santa María Guelacé','20','Oaxaca'),
	('412','Santa María Guienagati','20','Oaxaca'),
	('413','Santa María Huatulco','20','Oaxaca'),
	('414','Santa María Huazolotitlán','20','Oaxaca'),
	('415','Santa María Ipalapa','20','Oaxaca'),
	('416','Santa María Ixcatlán','20','Oaxaca'),
	('417','Santa María Jacatepec','20','Oaxaca'),
	('418','Santa María Jalapa del Marqués','20','Oaxaca'),
	('419','Santa María Jaltianguis','20','Oaxaca'),
	('420','Santa María Lachixío','20','Oaxaca'),
	('421','Santa María Mixtequilla','20','Oaxaca'),
	('422','Santa María Nativitas','20','Oaxaca'),
	('423','Santa María Nduayaco','20','Oaxaca'),
	('424','Santa María Ozolotepec','20','Oaxaca'),
	('425','Santa María Pápalo','20','Oaxaca'),
	('426','Santa María Peñoles','20','Oaxaca'),
	('427','Santa María Petapa','20','Oaxaca'),
	('428','Santa María Quiegolani','20','Oaxaca'),
	('429','Santa María Sola','20','Oaxaca'),
	('430','Santa María Tataltepec','20','Oaxaca'),
	('431','Santa María Tecomavaca','20','Oaxaca'),
	('432','Santa María Temaxcalapa','20','Oaxaca'),
	('433','Santa María Temaxcaltepec','20','Oaxaca'),
	('434','Santa María Teopoxco','20','Oaxaca'),
	('435','Santa María Tepantlali','20','Oaxaca'),
	('436','Santa María Texcatitlán','20','Oaxaca'),
	('437','Santa María Tlahuitoltepec','20','Oaxaca'),
	('438','Santa María Tlalixtac','20','Oaxaca'),
	('439','Santa María Tonameca','20','Oaxaca'),
	('440','Santa María Totolapilla','20','Oaxaca'),
	('441','Santa María Xadani','20','Oaxaca'),
	('442','Santa María Yalina','20','Oaxaca'),
	('443','Santa María Yavesía','20','Oaxaca'),
	('444','Santa María Yolotepec','20','Oaxaca'),
	('445','Santa María Yosoyúa','20','Oaxaca'),
	('446','Santa María Yucuhiti','20','Oaxaca'),
	('447','Santa María Zacatepec','20','Oaxaca'),
	('448','Santa María Zaniza','20','Oaxaca'),
	('449','Santa María Zoquitlán','20','Oaxaca'),
	('450','Santiago Amoltepec','20','Oaxaca'),
	('451','Santiago Apoala','20','Oaxaca'),
	('452','Santiago Apóstol','20','Oaxaca'),
	('453','Santiago Astata','20','Oaxaca'),
	('454','Santiago Atitlán','20','Oaxaca'),
	('455','Santiago Ayuquililla','20','Oaxaca'),
	('456','Santiago Cacaloxtepec','20','Oaxaca'),
	('457','Santiago Camotlán','20','Oaxaca'),
	('458','Santiago Comaltepec','20','Oaxaca'),
	('459','Santiago Chazumba','20','Oaxaca'),
	('460','Santiago Choápam','20','Oaxaca'),
	('461','Santiago del Río','20','Oaxaca'),
	('462','Santiago Huajolotitlán','20','Oaxaca'),
	('463','Santiago Huauclilla','20','Oaxaca'),
	('464','Santiago Ihuitlán Plumas','20','Oaxaca'),
	('465','Santiago Ixcuintepec','20','Oaxaca'),
	('466','Santiago Ixtayutla','20','Oaxaca'),
	('467','Santiago Jamiltepec','20','Oaxaca'),
	('468','Santiago Jocotepec','20','Oaxaca'),
	('469','Santiago Juxtlahuaca','20','Oaxaca'),
	('470','Santiago Lachiguiri','20','Oaxaca'),
	('471','Santiago Lalopa','20','Oaxaca'),
	('472','Santiago Laollaga','20','Oaxaca'),
	('473','Santiago Laxopa','20','Oaxaca'),
	('474','Santiago Llano Grande','20','Oaxaca'),
	('475','Santiago Matatlán','20','Oaxaca'),
	('476','Santiago Miltepec','20','Oaxaca'),
	('477','Santiago Minas','20','Oaxaca'),
	('478','Santiago Nacaltepec','20','Oaxaca'),
	('479','Santiago Nejapilla','20','Oaxaca'),
	('480','Santiago Nundiche','20','Oaxaca'),
	('481','Santiago Nuyoó','20','Oaxaca'),
	('482','Santiago Pinotepa Nacional','20','Oaxaca'),
	('483','Santiago Suchilquitongo','20','Oaxaca'),
	('484','Santiago Tamazola','20','Oaxaca'),
	('485','Santiago Tapextla','20','Oaxaca'),
	('486','Villa Tejúpam de la Unión','20','Oaxaca'),
	('487','Santiago Tenango','20','Oaxaca'),
	('488','Santiago Tepetlapa','20','Oaxaca'),
	('489','Santiago Tetepec','20','Oaxaca'),
	('490','Santiago Texcalcingo','20','Oaxaca'),
	('491','Santiago Textitlán','20','Oaxaca'),
	('492','Santiago Tilantongo','20','Oaxaca'),
	('493','Santiago Tillo','20','Oaxaca'),
	('494','Santiago Tlazoyaltepec','20','Oaxaca'),
	('495','Santiago Xanica','20','Oaxaca'),
	('496','Santiago Xiacuí','20','Oaxaca'),
	('497','Santiago Yaitepec','20','Oaxaca'),
	('498','Santiago Yaveo','20','Oaxaca'),
	('499','Santiago Yolomécatl','20','Oaxaca'),
	('500','Santiago Yosondúa','20','Oaxaca'),
	('501','Santiago Yucuyachi','20','Oaxaca'),
	('502','Santiago Zacatepec','20','Oaxaca'),
	('503','Santiago Zoochila','20','Oaxaca'),
	('504','Nuevo Zoquiápam','20','Oaxaca'),
	('505','Santo Domingo Ingenio','20','Oaxaca'),
	('506','Santo Domingo Albarradas','20','Oaxaca'),
	('507','Santo Domingo Armenta','20','Oaxaca'),
	('508','Santo Domingo Chihuitán','20','Oaxaca'),
	('509','Santo Domingo de Morelos','20','Oaxaca'),
	('510','Santo Domingo Ixcatlán','20','Oaxaca'),
	('511','Santo Domingo Nuxaá','20','Oaxaca'),
	('512','Santo Domingo Ozolotepec','20','Oaxaca'),
	('513','Santo Domingo Petapa','20','Oaxaca'),
	('514','Santo Domingo Roayaga','20','Oaxaca'),
	('515','Santo Domingo Tehuantepec','20','Oaxaca'),
	('516','Santo Domingo Teojomulco','20','Oaxaca'),
	('517','Santo Domingo Tepuxtepec','20','Oaxaca'),
	('518','Santo Domingo Tlatayápam','20','Oaxaca'),
	('519','Santo Domingo Tomaltepec','20','Oaxaca'),
	('520','Santo Domingo Tonalá','20','Oaxaca'),
	('521','Santo Domingo Tonaltepec','20','Oaxaca'),
	('522','Santo Domingo Xagacía','20','Oaxaca'),
	('523','Santo Domingo Yanhuitlán','20','Oaxaca'),
	('524','Santo Domingo Yodohino','20','Oaxaca'),
	('525','Santo Domingo Zanatepec','20','Oaxaca'),
	('526','Santos Reyes Nopala','20','Oaxaca'),
	('527','Santos Reyes Pápalo','20','Oaxaca'),
	('528','Santos Reyes Tepejillo','20','Oaxaca'),
	('529','Santos Reyes Yucuná','20','Oaxaca'),
	('530','Santo Tomás Jalieza','20','Oaxaca'),
	('531','Santo Tomás Mazaltepec','20','Oaxaca'),
	('532','Santo Tomás Ocotepec','20','Oaxaca'),
	('533','Santo Tomás Tamazulapan','20','Oaxaca'),
	('534','San Vicente Coatlán','20','Oaxaca'),
	('535','San Vicente Lachixío','20','Oaxaca'),
	('536','San Vicente Nuñú','20','Oaxaca'),
	('537','Silacayoápam','20','Oaxaca'),
	('538','Sitio de Xitlapehua','20','Oaxaca'),
	('539','Soledad Etla','20','Oaxaca'),
	('540','Villa de Tamazulápam del Progreso','20','Oaxaca'),
	('541','Tanetze de Zaragoza','20','Oaxaca'),
	('542','Taniche','20','Oaxaca'),
	('543','Tataltepec de Valdés','20','Oaxaca'),
	('544','Teococuilco de Marcos Pérez','20','Oaxaca'),
	('545','Teotitlán de Flores Magón','20','Oaxaca'),
	('546','Teotitlán del Valle','20','Oaxaca'),
	('547','Teotongo','20','Oaxaca'),
	('548','Tepelmeme Villa de Morelos','20','Oaxaca'),
	('549','Tezoatlán de Segura y Luna','20','Oaxaca'),
	('550','San Jerónimo Tlacochahuaya','20','Oaxaca'),
	('551','Tlacolula de Matamoros','20','Oaxaca'),
	('552','Tlacotepec Plumas','20','Oaxaca'),
	('553','Tlalixtac de Cabrera','20','Oaxaca'),
	('554','Totontepec Villa de Morelos','20','Oaxaca'),
	('555','Trinidad Zaachila','20','Oaxaca'),
	('556','La Trinidad Vista Hermosa','20','Oaxaca'),
	('557','Unión Hidalgo','20','Oaxaca'),
	('558','Valerio Trujano','20','Oaxaca'),
	('559','San Juan Bautista Valle Nacional','20','Oaxaca'),
	('560','Villa Díaz Ordaz','20','Oaxaca'),
	('561','Yaxe','20','Oaxaca'),
	('562','Magdalena Yodocono de Porfirio Díaz','20','Oaxaca'),
	('563','Yogana','20','Oaxaca'),
	('564','Yutanduchi de Guerrero','20','Oaxaca'),
	('565','Villa de Zaachila','20','Oaxaca'),
	('566','San Mateo Yucutindó','20','Oaxaca'),
	('567','Zapotitlán Lagunas','20','Oaxaca'),
	('568','Zapotitlán Palmas','20','Oaxaca'),
	('569','Santa Inés de Zaragoza','20','Oaxaca'),
	('570','Zimatlán de Álvarez','20','Oaxaca');

INSERT INTO municipios VALUES
	('001','Balancán','27','Tabasco'),
	('002','Cárdenas','27','Tabasco'),
	('003','Centla','27','Tabasco'),
	('004','Centro','27','Tabasco'),
	('005','Comalcalco','27','Tabasco'),
	('006','Cunduacán','27','Tabasco'),
	('007','Emiliano Zapata','27','Tabasco'),
	('008','Huimanguillo','27','Tabasco'),
	('009','Jalapa','27','Tabasco'),
	('010','Jalpa de Méndez','27','Tabasco'),
	('011','Jonuta','27','Tabasco'),
	('012','Macuspana','27','Tabasco'),
	('013','Nacajuca','27','Tabasco'),
	('014','Paraíso','27','Tabasco'),
	('015','Tacotalpa','27','Tabasco'),
	('016','Teapa','27','Tabasco'),
	('017','Tenosique','27','Tabasco');
